SSN,Name,Street,City,State,Zip,Age,Cell
638335875,Amanda Yang,4766 Caitlin Green,West Justin,AS,68118,32,961.848.5627x51709
815898685,David Curtis,4605 Vasquez Heights Apt. 701,North Kimshire,AK,38631,50,001-397-001-1525
030604081,William Little,40260 Patel Harbor Apt. 703,Parkertown,AK,25383,63,447-214-4046x23497
665072570,Felicia Clark,2447 Holmes Way Apt. 024,Sarahbury,KS,01304,57,(929)058-1070
116487686,Ms. Brandi Mosley,594 Steven Lake Apt. 004,North Karenport,OH,04291,33,001-970-096-1689x799
890326239,Christopher Watson,183 Russell Valley Suite 997,Gwendolynside,NH,68107,68,811.910.1748
557149404,Jason Thomas,6347 Kevin Alley Suite 947,South Zachary,MS,93027,37,+1-141-644-7440
256023551,Lisa Jackson,27875 Ronald Plains Apt. 134,East Matthewside,MP,61613,21,001-587-762-3459x37125
418362984,Toni Barker,05616 Williams Ville,Longtown,NC,59196,69,679-862-3272
889996381,Donald Harrison,91247 Isaac Ferry,Grayhaven,CO,40573,50,+1-879-502-6497x88383
164981179,Ashley Short,19308 Donna Summit Apt. 409,Lake Christina,AR,07745,33,+1-268-454-9134x65847
143807289,Cassie Giles,692 Ryan Island,Nguyenside,IL,70005,20,+1-111-511-4920x8625
130170030,Catherine Vasquez,5502 Hernandez Roads Suite 889,Johnville,ID,38307,62,001-416-514-1456x6114
893013432,Kimberly Shaw,1834 Black Dale,West Kevin,AS,19787,42,201-861-7613
793282718,Robert Kelly,7622 Diana Corner,Lauraland,NV,26575,74,(098)418-5517x61231
894224740,Amanda Torres,18973 Mcdowell Neck,North Cynthia,AL,90606,40,+1-811-866-1448x760
322268835,Mary Conley,80860 Shirley Meadow Apt. 117,East Diana,NJ,78625,67,826.235.8124
898873356,William Baldwin,96534 Arias Squares,Butlerchester,NC,85839,19,7478984424
187893226,Gina White,6254 Ali Lake Apt. 993,Ricebury,CO,32808,53,769.129.3717x323
393390354,Kara Ayala,1100 James Canyon,Robertland,KY,57019,37,(174)972-7149
370542720,Donald Roberts,5067 Wu River Suite 577,Jacobtown,PA,99012,46,508-813-0599x778
150341068,Megan Kelly,22156 Hernandez Glens,North Kenneth,GU,21750,46,+1-495-042-8646x524
340399882,Gregory Pineda,2430 Kemp Key,South James,TX,20030,24,+1-300-724-6469x7588
601019765,Thomas Thompson,0077 David Skyway Suite 473,Lake Kristinmouth,NJ,50317,59,902-970-8775x03807
695915537,Joanna Diaz,30931 Buck Squares,North Stephanieberg,NY,56268,25,322-836-1663
068405823,Charles Baird,427 Campbell Street Suite 232,West Jaimemouth,AK,99508,77,+1-403-391-8569x4315
839407877,Ivan Nash,96407 Shawn Springs,Mcintoshbury,AR,96810,75,+1-987-048-0260
714413028,Blake Lambert,00889 Ayers Stravenue Apt. 371,Larsentown,GA,80547,41,033.127.7774x810
493612886,Luis Mayer,30760 Jonathan Lodge Suite 400,Lake Eric,MO,20024,54,001-997-999-9307x83153
059330375,Taylor Turner,86383 Sara Turnpike,West Edwinville,WI,02588,51,851-236-0060
768466624,Sharon Nelson,82913 Scott Knolls,Fitzgeraldburgh,WI,60623,35,366-216-3326x7260
019716863,Christina Willis DDS,9682 Robin Inlet Suite 381,West Curtisland,NY,71062,63,783-413-6687x335
375499479,Peter White,7146 Anderson Plain,East Mario,NE,84571,55,001-403-825-1965
862027420,Victoria Petty,3169 Joshua Park,South Patricia,MP,80581,77,(420)826-1087
048912965,Steven Rodriguez,34511 Hammond Light,East Richardside,OR,19755,56,172-500-9574x97598
639261951,Karen Kelley,2907 Lisa Shoal,Brooksville,PR,57410,78,(266)870-3741x81873
774327573,Gregory Bates,064 Lisa Light,Davidtown,TN,55622,42,951-156-2550
353665813,Dan Robbins,1422 Jimenez Islands,Jamesmouth,SD,55979,42,181-107-8737x4264
538337584,Gregory Crane,18800 Brent Curve Suite 649,South Kathleenport,RI,45383,37,+1-791-834-1941x646
111766018,Sharon Barker,86253 Howard Estates,North Lisastad,SC,89792,72,256-153-5175
881380601,Tracey Pierce,148 Crystal Divide,West Patrick,OR,52330,28,750-709-3444
444123416,Edward Hunt,6155 Herman Mountain Suite 270,Rebeccaland,AZ,20017,55,885.881.8976x396
349665942,Elaine Bell,779 Dale Via,West Rickyland,IL,99780,77,(121)750-4569x91207
152444517,Jason Elliott,030 Regina Freeway Suite 567,Williamschester,AK,36502,61,(409)190-1144
720701509,Julie Moore,43488 Duran Turnpike,West Elizabeth,MT,38874,22,630-674-2588x9679
320885191,John Gonzalez,5309 Morales Divide,East Josephville,WI,51971,59,025.759.1174x551
314231282,Brandon Nicholson,76012 Garcia Stravenue,Reynoldsburgh,VA,38455,46,(674)228-7542x2606
642205068,Janet Nguyen,57789 Lauren Lane Apt. 189,Foleybury,MT,71617,21,439-269-8714x60336
496210796,Kimberly Nguyen,0509 Palmer Parkway,South Michaelland,AS,36583,65,798.018.4155
083778742,Kristy Patterson,679 Amanda Union Suite 590,Port Katiestad,MP,61716,31,+1-520-037-0478x303
